Total time,PSNR
1.49904,inf
1.54218,inf
1.4883,inf
1.51444,inf
1.4906,inf
1.4492,inf
1.46149,inf
1.55085,inf
1.51878,inf
1.50332,inf
1.54129,inf
1.51861,inf
