Total time,PSNR
6.08901,inf
6.06062,inf
6.10468,inf
6.03112,inf
5.89096,inf
6.07964,inf
6.13521,inf
6.17999,inf
6.15157,inf
5.86534,inf
6.05598,inf
5.99684,inf
