Total time,PSNR
1.11321,inf
1.11443,inf
1.11937,inf
1.11424,inf
1.11481,inf
1.11491,inf
1.13137,inf
1.11261,inf
1.10927,inf
1.10548,inf
1.11614,inf
1.12558,inf
