Total time,PSNR
1.09024,inf
1.11158,inf
1.1111,inf
1.1055,inf
1.11201,inf
1.10332,inf
1.10307,inf
1.11812,inf
1.10597,inf
1.10874,inf
1.10286,inf
1.10822,inf
