Total time,PSNR
0.178622,inf
0.164989,inf
0.159814,inf
0.158823,inf
0.170753,inf
0.167389,inf
0.17288,inf
