Total time,PSNR
1.599,inf
1.54502,inf
1.6177,inf
1.5689,inf
1.67039,inf
1.60919,inf
1.67968,inf
1.61713,inf
1.63135,inf
1.64959,inf
1.6226,inf
1.60708,inf
