Total time,PSNR
0.537791,inf
0.535848,inf
0.548985,inf
0.541925,inf
0.537225,inf
0.53906,inf
0.538344,inf
0.546654,inf
0.53814,inf
0.538297,inf
0.541824,inf
0.533437,inf
