Total time,PSNR
1.03987,inf
1.03804,inf
1.03658,inf
1.03385,inf
1.03162,inf
1.05665,inf
1.02459,inf
1.02611,inf
1.02919,inf
1.02609,inf
1.03739,inf
1.03709,inf
