Total time,PSNR
0.556676,inf
0.554213,inf
0.562087,inf
0.561562,inf
0.566638,inf
0.558086,inf
0.557058,inf
0.558471,inf
0.56126,inf
0.559367,inf
0.559946,inf
0.559782,inf
