Total time,PSNR
1.73638,inf
1.60932,inf
1.66046,inf
1.61928,inf
1.60115,inf
1.61227,inf
1.67291,inf
1.84257,inf
1.72876,inf
1.66671,inf
1.63398,inf
1.62817,inf
