Total time,PSNR
1.86396,inf
1.85111,inf
2.07698,inf
2.10508,inf
1.85606,inf
1.88579,inf
1.88856,inf
1.8628,inf
1.88437,inf
1.87157,inf
1.88366,inf
1.88585,inf
