Total time,PSNR
1.63597,inf
1.61821,inf
1.60874,inf
1.60578,inf
1.60491,inf
1.60299,inf
1.59817,inf
1.59902,inf
1.60745,inf
1.65056,inf
1.73438,inf
1.61682,inf
