Total time,PSNR
0.0228285,inf
0.0231987,inf
0.0230723,inf
0.0231542,inf
0.0229123,inf
0.0263238,inf
0.0230564,inf
0.0232163,inf
0.0230862,inf
0.0231046,inf
0.0229353,inf
0.022945,inf
