Total time,PSNR
0.203712,inf
0.213871,inf
0.195216,inf
0.183955,inf
0.209141,inf
0.193481,inf
0.193322,inf
0.21788,inf
0.192948,inf
0.192072,inf
0.194427,inf
0.221392,inf
