Total time,PSNR
7.34933,inf
7.30464,inf
7.16866,inf
7.16381,inf
7.51351,inf
7.27658,inf
7.34326,inf
7.53856,inf
7.50721,inf
7.48535,inf
7.49072,inf
7.37059,inf
