Total time,PSNR
1.1217,inf
1.11704,inf
1.11036,inf
1.11464,inf
1.11065,inf
1.11439,inf
1.12058,inf
1.12505,inf
1.11496,inf
1.11681,inf
1.12409,inf
1.12097,inf
