Total time,PSNR
1.11181,inf
1.13096,inf
1.12535,inf
1.12006,inf
1.12554,inf
1.13235,inf
1.12666,inf
1.12339,inf
1.12066,inf
1.11923,inf
1.12536,inf
1.13888,inf
