Total time,PSNR
0.29549,inf
0.276818,inf
0.288071,inf
0.295386,inf
0.282732,inf
0.280299,inf
0.290984,inf
0.275565,inf
0.301129,inf
0.287087,inf
0.278595,inf
0.28708,inf
