Total time,PSNR
0.448473,inf
0.475926,inf
0.449629,inf
0.448935,inf
0.471653,inf
0.487042,inf
0.455263,inf
0.464655,inf
