Total time,PSNR
1.51452,15.0719
1.53661,15.0719
1.43271,15.0719
1.49707,15.0719
1.47155,15.0719
1.46522,15.0719
1.53169,15.0719
1.49473,15.0719
1.48869,15.0719
1.47895,15.0719
1.52013,15.0719
1.48566,15.0719
