Total time,PSNR
1.50464,53.3896
1.57649,53.3896
1.4965,53.3896
1.5419,53.3896
1.57978,53.3896
1.48076,53.3896
1.54892,53.3896
1.55204,53.3896
1.52019,53.3896
1.53064,53.3896
1.5187,53.3896
1.55048,53.3896
