Total time,PSNR
6.14646,inf
6.11362,inf
6.37657,inf
6.27057,inf
6.00663,inf
5.85569,inf
6.01599,inf
6.02747,inf
5.85184,inf
5.85163,inf
6.26568,inf
6.33544,inf
