Total time,PSNR
1.11661,inf
1.10578,inf
1.10805,inf
1.10586,inf
1.10461,inf
1.11066,inf
1.11029,inf
1.11296,inf
1.10842,inf
1.1158,inf
1.10775,inf
1.11496,inf
