Total time,PSNR
1.45424,inf
1.49253,inf
1.38653,inf
1.51248,inf
1.50428,inf
1.43765,inf
1.44836,inf
1.47635,inf
1.48028,inf
1.54853,inf
1.49277,inf
1.47325,inf
