Total time,PSNR
1.89389,21.3573
1.82415,21.3573
1.83222,21.3573
1.84102,21.3573
1.70414,21.3573
1.80141,21.3573
1.79427,21.3573
1.7638,21.3573
1.82862,21.3573
1.79231,21.3573
1.84381,21.3573
1.8099,21.3573
