Total time,PSNR
0.0420732,inf
0.0423707,inf
0.0421925,inf
0.0426365,inf
0.0455635,inf
0.0422842,inf
0.0423549,inf
0.042724,inf
0.0421541,inf
0.0426035,inf
0.042763,inf
0.0428762,inf
