Total time,PSNR
1.54768,inf
1.59067,inf
1.60987,inf
1.61887,inf
1.63082,inf
1.65467,inf
1.67031,inf
1.6496,inf
1.51343,inf
1.62986,inf
1.57782,inf
1.55325,inf
