Total time,PSNR
3.79829,inf
3.98129,inf
3.98775,inf
3.89347,inf
4.10869,inf
4.1877,inf
4.23357,inf
4.01883,inf
4.01857,inf
3.96625,inf
3.78029,inf
4.14597,inf
