Total time,PSNR
6.43443,inf
6.01904,inf
6.12668,inf
5.95719,inf
6.35191,inf
6.98072,inf
5.98838,inf
6.27523,inf
6.43153,inf
5.92428,inf
5.85024,inf
5.99524,inf
