Total time,PSNR
1.12799,inf
1.12557,inf
1.13267,inf
1.12265,inf
1.12597,inf
1.13439,inf
1.13487,inf
1.13692,inf
1.12723,inf
1.12924,inf
1.13342,inf
1.13331,inf
