Total time,PSNR
1.61325,23.2792
1.69014,23.2792
1.48954,23.2792
1.51736,23.2792
1.63771,23.2792
1.64345,23.2792
1.56334,23.2792
1.61037,23.2792
1.54705,23.2792
1.4156,23.2792
1.42263,23.2792
1.55686,23.2792
