Total time,PSNR
0.183842,inf
0.186698,inf
0.185842,inf
